timestamp,headcount,is_festival,weather_factor,condition
2026-07-01T00:00:00+00:00,45,0,0.85,cloudy
2026-07-01T01:00:00+00:00,56,0,0.85,cloudy
2026-07-01T02:00:00+00:00,88,0,0.85,cloudy
2026-07-01T03:00:00+00:00,156,0,0.85,cloudy
2026-07-01T04:00:00+00:00,211,0,0.85,cloudy
2026-07-01T05:00:00+00:00,281,0,0.85,cloudy
2026-07-01T06:00:00+00:00,416,0,0.85,cloudy
2026-07-01T07:00:00+00:00,438,0,0.85,cloudy
2026-07-01T08:00:00+00:00,411,0,0.85,cloudy
2026-07-01T09:00:00+00:00,320,0,0.85,cloudy
2026-07-01T10:00:00+00:00,221,0,0.85,cloudy
2026-07-01T11:00:00+00:00,142,0,0.85,cloudy
2026-07-01T12:00:00+00:00,89,0,0.85,cloudy
2026-07-01T13:00:00+00:00,62,0,0.85,cloudy
2026-07-01T14:00:00+00:00,47,0,0.85,cloudy
2026-07-01T15:00:00+00:00,85,0,0.85,cloudy
2026-07-01T16:00:00+00:00,146,0,0.85,cloudy
2026-07-01T17:00:00+00:00,255,0,0.85,cloudy
2026-07-01T18:00:00+00:00,420,0,0.85,cloudy
2026-07-01T19:00:00+00:00,426,0,0.85,cloudy
2026-07-01T20:00:00+00:00,372,0,0.85,cloudy
2026-07-01T21:00:00+00:00,257,0,0.85,cloudy
2026-07-01T22:00:00+00:00,174,0,0.85,cloudy
2026-07-01T23:00:00+00:00,97,0,0.85,cloudy
2026-07-02T00:00:00+00:00,48,0,0.95,partly_cloudy
2026-07-02T01:00:00+00:00,63,0,0.95,partly_cloudy
2026-07-02T02:00:00+00:00,101,0,0.95,partly_cloudy
2026-07-02T03:00:00+00:00,148,0,0.95,partly_cloudy
2026-07-02T04:00:00+00:00,259,0,0.95,partly_cloudy
2026-07-02T05:00:00+00:00,323,0,0.95,partly_cloudy
2026-07-02T06:00:00+00:00,372,0,0.95,partly_cloudy
2026-07-02T07:00:00+00:00,457,0,0.95,partly_cloudy
2026-07-02T08:00:00+00:00,417,0,0.95,partly_cloudy
2026-07-02T09:00:00+00:00,374,0,0.95,partly_cloudy
2026-07-02T10:00:00+00:00,260,0,0.95,partly_cloudy
2026-07-02T11:00:00+00:00,147,0,0.95,partly_cloudy
2026-07-02T12:00:00+00:00,102,0,0.95,partly_cloudy
2026-07-02T13:00:00+00:00,57,0,0.95,partly_cloudy
2026-07-02T14:00:00+00:00,56,0,0.95,partly_cloudy
2026-07-02T15:00:00+00:00,95,0,0.95,partly_cloudy
2026-07-02T16:00:00+00:00,181,0,0.95,partly_cloudy
2026-07-02T17:00:00+00:00,317,0,0.95,partly_cloudy
2026-07-02T18:00:00+00:00,439,0,0.95,partly_cloudy
2026-07-02T19:00:00+00:00,484,0,0.95,partly_cloudy
2026-07-02T20:00:00+00:00,440,0,0.95,partly_cloudy
2026-07-02T21:00:00+00:00,311,0,0.95,partly_cloudy
2026-07-02T22:00:00+00:00,173,0,0.95,partly_cloudy
2026-07-02T23:00:00+00:00,92,0,0.95,partly_cloudy
2026-07-03T00:00:00+00:00,47,0,0.95,partly_cloudy
2026-07-03T01:00:00+00:00,66,0,0.95,partly_cloudy
2026-07-03T02:00:00+00:00,104,0,0.95,partly_cloudy
2026-07-03T03:00:00+00:00,154,0,0.95,partly_cloudy
2026-07-03T04:00:00+00:00,243,0,0.95,partly_cloudy
2026-07-03T05:00:00+00:00,347,0,0.95,partly_cloudy
2026-07-03T06:00:00+00:00,439,0,0.95,partly_cloudy
2026-07-03T07:00:00+00:00,458,0,0.95,partly_cloudy
2026-07-03T08:00:00+00:00,383,0,0.95,partly_cloudy
2026-07-03T09:00:00+00:00,399,0,0.95,partly_cloudy
2026-07-03T10:00:00+00:00,238,0,0.95,partly_cloudy
2026-07-03T11:00:00+00:00,150,0,0.95,partly_cloudy
2026-07-03T12:00:00+00:00,92,0,0.95,partly_cloudy
2026-07-03T13:00:00+00:00,53,0,0.95,partly_cloudy
2026-07-03T14:00:00+00:00,57,0,0.95,partly_cloudy
2026-07-03T15:00:00+00:00,92,0,0.95,partly_cloudy
2026-07-03T16:00:00+00:00,189,0,0.95,partly_cloudy
2026-07-03T17:00:00+00:00,306,0,0.95,partly_cloudy
2026-07-03T18:00:00+00:00,421,0,0.95,partly_cloudy
2026-07-03T19:00:00+00:00,494,0,0.95,partly_cloudy
2026-07-03T20:00:00+00:00,472,0,0.95,partly_cloudy
2026-07-03T21:00:00+00:00,290,0,0.95,partly_cloudy
2026-07-03T22:00:00+00:00,173,0,0.95,partly_cloudy
2026-07-03T23:00:00+00:00,104,0,0.95,partly_cloudy
2026-07-04T00:00:00+00:00,121,1,0.95,partly_cloudy
2026-07-04T01:00:00+00:00,172,1,0.95,partly_cloudy
2026-07-04T02:00:00+00:00,265,1,0.95,partly_cloudy
2026-07-04T03:00:00+00:00,469,1,0.95,partly_cloudy
2026-07-04T04:00:00+00:00,500,1,0.95,partly_cloudy
2026-07-04T05:00:00+00:00,500,1,0.95,partly_cloudy
2026-07-04T06:00:00+00:00,500,1,0.95,partly_cloudy
2026-07-04T07:00:00+00:00,500,1,0.95,partly_cloudy
2026-07-04T08:00:00+00:00,500,1,0.95,partly_cloudy
2026-07-04T09:00:00+00:00,500,1,0.95,partly_cloudy
2026-07-04T10:00:00+00:00,500,1,0.95,partly_cloudy
2026-07-04T11:00:00+00:00,435,1,0.95,partly_cloudy
2026-07-04T12:00:00+00:00,272,1,0.95,partly_cloudy
2026-07-04T13:00:00+00:00,172,1,0.95,partly_cloudy
2026-07-04T14:00:00+00:00,144,1,0.95,partly_cloudy
2026-07-04T15:00:00+00:00,245,1,0.95,partly_cloudy
2026-07-04T16:00:00+00:00,481,1,0.95,partly_cloudy
2026-07-04T17:00:00+00:00,500,1,0.95,partly_cloudy
2026-07-04T18:00:00+00:00,500,1,0.95,partly_cloudy
2026-07-04T19:00:00+00:00,500,1,0.95,partly_cloudy
2026-07-04T20:00:00+00:00,500,1,0.95,partly_cloudy
2026-07-04T21:00:00+00:00,500,1,0.95,partly_cloudy
2026-07-04T22:00:00+00:00,494,1,0.95,partly_cloudy
2026-07-04T23:00:00+00:00,263,1,0.95,partly_cloudy
2026-07-05T00:00:00+00:00,34,0,0.75,drizzle
2026-07-05T01:00:00+00:00,43,0,0.75,drizzle
2026-07-05T02:00:00+00:00,75,0,0.75,drizzle
2026-07-05T03:00:00+00:00,136,0,0.75,drizzle
2026-07-05T04:00:00+00:00,207,0,0.75,drizzle
2026-07-05T05:00:00+00:00,292,0,0.75,drizzle
2026-07-05T06:00:00+00:00,298,0,0.75,drizzle
2026-07-05T07:00:00+00:00,390,0,0.75,drizzle
2026-07-05T08:00:00+00:00,360,0,0.75,drizzle
2026-07-05T09:00:00+00:00,271,0,0.75,drizzle
2026-07-05T10:00:00+00:00,190,0,0.75,drizzle
2026-07-05T11:00:00+00:00,125,0,0.75,drizzle
2026-07-05T12:00:00+00:00,85,0,0.75,drizzle
2026-07-05T13:00:00+00:00,44,0,0.75,drizzle
2026-07-05T14:00:00+00:00,43,0,0.75,drizzle
2026-07-05T15:00:00+00:00,83,0,0.75,drizzle
2026-07-05T16:00:00+00:00,138,0,0.75,drizzle
2026-07-05T17:00:00+00:00,234,0,0.75,drizzle
2026-07-05T18:00:00+00:00,336,0,0.75,drizzle
2026-07-05T19:00:00+00:00,347,0,0.75,drizzle
2026-07-05T20:00:00+00:00,338,0,0.75,drizzle
2026-07-05T21:00:00+00:00,221,0,0.75,drizzle
2026-07-05T22:00:00+00:00,149,0,0.75,drizzle
2026-07-05T23:00:00+00:00,76,0,0.75,drizzle
2026-07-06T00:00:00+00:00,79,0,1.0,clear
2026-07-06T01:00:00+00:00,90,0,1.0,clear
2026-07-06T02:00:00+00:00,150,0,1.0,clear
2026-07-06T03:00:00+00:00,254,0,1.0,clear
2026-07-06T04:00:00+00:00,433,0,1.0,clear
2026-07-06T05:00:00+00:00,499,0,1.0,clear
2026-07-06T06:00:00+00:00,500,0,1.0,clear
2026-07-06T07:00:00+00:00,500,0,1.0,clear
2026-07-06T08:00:00+00:00,500,0,1.0,clear
2026-07-06T09:00:00+00:00,500,0,1.0,clear
2026-07-06T10:00:00+00:00,393,0,1.0,clear
2026-07-06T11:00:00+00:00,241,0,1.0,clear
2026-07-06T12:00:00+00:00,140,0,1.0,clear
2026-07-06T13:00:00+00:00,98,0,1.0,clear
2026-07-06T14:00:00+00:00,88,0,1.0,clear
2026-07-06T15:00:00+00:00,170,0,1.0,clear
2026-07-06T16:00:00+00:00,271,0,1.0,clear
2026-07-06T17:00:00+00:00,483,0,1.0,clear
2026-07-06T18:00:00+00:00,500,0,1.0,clear
2026-07-06T19:00:00+00:00,500,0,1.0,clear
2026-07-06T20:00:00+00:00,500,0,1.0,clear
2026-07-06T21:00:00+00:00,497,0,1.0,clear
2026-07-06T22:00:00+00:00,305,0,1.0,clear
2026-07-06T23:00:00+00:00,151,0,1.0,clear
2026-07-07T00:00:00+00:00,44,0,0.95,partly_cloudy
2026-07-07T01:00:00+00:00,62,0,0.95,partly_cloudy
2026-07-07T02:00:00+00:00,97,0,0.95,partly_cloudy
2026-07-07T03:00:00+00:00,168,0,0.95,partly_cloudy
2026-07-07T04:00:00+00:00,241,0,0.95,partly_cloudy
2026-07-07T05:00:00+00:00,347,0,0.95,partly_cloudy
2026-07-07T06:00:00+00:00,443,0,0.95,partly_cloudy
2026-07-07T07:00:00+00:00,485,0,0.95,partly_cloudy
2026-07-07T08:00:00+00:00,428,0,0.95,partly_cloudy
2026-07-07T09:00:00+00:00,344,0,0.95,partly_cloudy
2026-07-07T10:00:00+00:00,275,0,0.95,partly_cloudy
2026-07-07T11:00:00+00:00,148,0,0.95,partly_cloudy
2026-07-07T12:00:00+00:00,101,0,0.95,partly_cloudy
2026-07-07T13:00:00+00:00,64,0,0.95,partly_cloudy
2026-07-07T14:00:00+00:00,55,0,0.95,partly_cloudy
2026-07-07T15:00:00+00:00,93,0,0.95,partly_cloudy
2026-07-07T16:00:00+00:00,196,0,0.95,partly_cloudy
2026-07-07T17:00:00+00:00,334,0,0.95,partly_cloudy
2026-07-07T18:00:00+00:00,397,0,0.95,partly_cloudy
2026-07-07T19:00:00+00:00,461,0,0.95,partly_cloudy
2026-07-07T20:00:00+00:00,433,0,0.95,partly_cloudy
2026-07-07T21:00:00+00:00,270,0,0.95,partly_cloudy
2026-07-07T22:00:00+00:00,181,0,0.95,partly_cloudy
2026-07-07T23:00:00+00:00,99,0,0.95,partly_cloudy
2026-07-08T00:00:00+00:00,41,0,0.95,partly_cloudy
2026-07-08T01:00:00+00:00,65,0,0.95,partly_cloudy
2026-07-08T02:00:00+00:00,95,0,0.95,partly_cloudy
2026-07-08T03:00:00+00:00,145,0,0.95,partly_cloudy
2026-07-08T04:00:00+00:00,257,0,0.95,partly_cloudy
2026-07-08T05:00:00+00:00,354,0,0.95,partly_cloudy
2026-07-08T06:00:00+00:00,421,0,0.95,partly_cloudy
2026-07-08T07:00:00+00:00,489,0,0.95,partly_cloudy
2026-07-08T08:00:00+00:00,454,0,0.95,partly_cloudy
2026-07-08T09:00:00+00:00,343,0,0.95,partly_cloudy
2026-07-08T10:00:00+00:00,256,0,0.95,partly_cloudy
2026-07-08T11:00:00+00:00,169,0,0.95,partly_cloudy
2026-07-08T12:00:00+00:00,92,0,0.95,partly_cloudy
2026-07-08T13:00:00+00:00,64,0,0.95,partly_cloudy
2026-07-08T14:00:00+00:00,57,0,0.95,partly_cloudy
2026-07-08T15:00:00+00:00,110,0,0.95,partly_cloudy
2026-07-08T16:00:00+00:00,159,0,0.95,partly_cloudy
2026-07-08T17:00:00+00:00,315,0,0.95,partly_cloudy
2026-07-08T18:00:00+00:00,415,0,0.95,partly_cloudy
2026-07-08T19:00:00+00:00,472,0,0.95,partly_cloudy
2026-07-08T20:00:00+00:00,471,0,0.95,partly_cloudy
2026-07-08T21:00:00+00:00,302,0,0.95,partly_cloudy
2026-07-08T22:00:00+00:00,204,0,0.95,partly_cloudy
2026-07-08T23:00:00+00:00,94,0,0.95,partly_cloudy
2026-07-09T00:00:00+00:00,39,0,0.75,drizzle
2026-07-09T01:00:00+00:00,54,0,0.75,drizzle
2026-07-09T02:00:00+00:00,77,0,0.75,drizzle
2026-07-09T03:00:00+00:00,133,0,0.75,drizzle
2026-07-09T04:00:00+00:00,208,0,0.75,drizzle
2026-07-09T05:00:00+00:00,286,0,0.75,drizzle
2026-07-09T06:00:00+00:00,364,0,0.75,drizzle
2026-07-09T07:00:00+00:00,373,0,0.75,drizzle
2026-07-09T08:00:00+00:00,353,0,0.75,drizzle
2026-07-09T09:00:00+00:00,262,0,0.75,drizzle
2026-07-09T10:00:00+00:00,171,0,0.75,drizzle
2026-07-09T11:00:00+00:00,134,0,0.75,drizzle
2026-07-09T12:00:00+00:00,83,0,0.75,drizzle
2026-07-09T13:00:00+00:00,49,0,0.75,drizzle
2026-07-09T14:00:00+00:00,44,0,0.75,drizzle
2026-07-09T15:00:00+00:00,73,0,0.75,drizzle
2026-07-09T16:00:00+00:00,135,0,0.75,drizzle
2026-07-09T17:00:00+00:00,275,0,0.75,drizzle
2026-07-09T18:00:00+00:00,312,0,0.75,drizzle
2026-07-09T19:00:00+00:00,361,0,0.75,drizzle
2026-07-09T20:00:00+00:00,334,0,0.75,drizzle
2026-07-09T21:00:00+00:00,234,0,0.75,drizzle
2026-07-09T22:00:00+00:00,133,0,0.75,drizzle
2026-07-09T23:00:00+00:00,73,0,0.75,drizzle
2026-07-10T00:00:00+00:00,34,0,0.55,rain
2026-07-10T01:00:00+00:00,46,0,0.55,rain
2026-07-10T02:00:00+00:00,59,0,0.55,rain
2026-07-10T03:00:00+00:00,94,0,0.55,rain
2026-07-10T04:00:00+00:00,134,0,0.55,rain
2026-07-10T05:00:00+00:00,195,0,0.55,rain
2026-07-10T06:00:00+00:00,256,0,0.55,rain
2026-07-10T07:00:00+00:00,283,0,0.55,rain
2026-07-10T08:00:00+00:00,264,0,0.55,rain
2026-07-10T09:00:00+00:00,199,0,0.55,rain
2026-07-10T10:00:00+00:00,135,0,0.55,rain
2026-07-10T11:00:00+00:00,88,0,0.55,rain
2026-07-10T12:00:00+00:00,50,0,0.55,rain
2026-07-10T13:00:00+00:00,39,0,0.55,rain
2026-07-10T14:00:00+00:00,21,0,0.55,rain
2026-07-10T15:00:00+00:00,54,0,0.55,rain
2026-07-10T16:00:00+00:00,106,0,0.55,rain
2026-07-10T17:00:00+00:00,191,0,0.55,rain
2026-07-10T18:00:00+00:00,246,0,0.55,rain
2026-07-10T19:00:00+00:00,291,0,0.55,rain
2026-07-10T20:00:00+00:00,239,0,0.55,rain
2026-07-10T21:00:00+00:00,167,0,0.55,rain
2026-07-10T22:00:00+00:00,99,0,0.55,rain
2026-07-10T23:00:00+00:00,63,0,0.55,rain
2026-07-11T00:00:00+00:00,139,1,1.0,clear
2026-07-11T01:00:00+00:00,155,1,1.0,clear
2026-07-11T02:00:00+00:00,251,1,1.0,clear
2026-07-11T03:00:00+00:00,404,1,1.0,clear
2026-07-11T04:00:00+00:00,500,1,1.0,clear
2026-07-11T05:00:00+00:00,500,1,1.0,clear
2026-07-11T06:00:00+00:00,500,1,1.0,clear
2026-07-11T07:00:00+00:00,500,1,1.0,clear
2026-07-11T08:00:00+00:00,500,1,1.0,clear
2026-07-11T09:00:00+00:00,500,1,1.0,clear
2026-07-11T10:00:00+00:00,500,1,1.0,clear
2026-07-11T11:00:00+00:00,365,1,1.0,clear
2026-07-11T12:00:00+00:00,209,1,1.0,clear
2026-07-11T13:00:00+00:00,137,1,1.0,clear
2026-07-11T14:00:00+00:00,141,1,1.0,clear
2026-07-11T15:00:00+00:00,240,1,1.0,clear
2026-07-11T16:00:00+00:00,457,1,1.0,clear
2026-07-11T17:00:00+00:00,500,1,1.0,clear
2026-07-11T18:00:00+00:00,500,1,1.0,clear
2026-07-11T19:00:00+00:00,500,1,1.0,clear
2026-07-11T20:00:00+00:00,500,1,1.0,clear
2026-07-11T21:00:00+00:00,500,1,1.0,clear
2026-07-11T22:00:00+00:00,474,1,1.0,clear
2026-07-11T23:00:00+00:00,253,1,1.0,clear
2026-07-12T00:00:00+00:00,40,0,0.95,partly_cloudy
2026-07-12T01:00:00+00:00,57,0,0.95,partly_cloudy
2026-07-12T02:00:00+00:00,99,0,0.95,partly_cloudy
2026-07-12T03:00:00+00:00,172,0,0.95,partly_cloudy
2026-07-12T04:00:00+00:00,249,0,0.95,partly_cloudy
2026-07-12T05:00:00+00:00,379,0,0.95,partly_cloudy
2026-07-12T06:00:00+00:00,483,0,0.95,partly_cloudy
2026-07-12T07:00:00+00:00,444,0,0.95,partly_cloudy
2026-07-12T08:00:00+00:00,464,0,0.95,partly_cloudy
2026-07-12T09:00:00+00:00,367,0,0.95,partly_cloudy
2026-07-12T10:00:00+00:00,250,0,0.95,partly_cloudy
2026-07-12T11:00:00+00:00,160,0,0.95,partly_cloudy
2026-07-12T12:00:00+00:00,98,0,0.95,partly_cloudy
2026-07-12T13:00:00+00:00,55,0,0.95,partly_cloudy
2026-07-12T14:00:00+00:00,56,0,0.95,partly_cloudy
2026-07-12T15:00:00+00:00,106,0,0.95,partly_cloudy
2026-07-12T16:00:00+00:00,169,0,0.95,partly_cloudy
2026-07-12T17:00:00+00:00,296,0,0.95,partly_cloudy
2026-07-12T18:00:00+00:00,433,0,0.95,partly_cloudy
2026-07-12T19:00:00+00:00,475,0,0.95,partly_cloudy
2026-07-12T20:00:00+00:00,464,0,0.95,partly_cloudy
2026-07-12T21:00:00+00:00,276,0,0.95,partly_cloudy
2026-07-12T22:00:00+00:00,160,0,0.95,partly_cloudy
2026-07-12T23:00:00+00:00,94,0,0.95,partly_cloudy
2026-07-13T00:00:00+00:00,58,0,0.85,cloudy
2026-07-13T01:00:00+00:00,77,0,0.85,cloudy
2026-07-13T02:00:00+00:00,125,0,0.85,cloudy
2026-07-13T03:00:00+00:00,177,0,0.85,cloudy
2026-07-13T04:00:00+00:00,322,0,0.85,cloudy
2026-07-13T05:00:00+00:00,381,0,0.85,cloudy
2026-07-13T06:00:00+00:00,500,0,0.85,cloudy
2026-07-13T07:00:00+00:00,500,0,0.85,cloudy
2026-07-13T08:00:00+00:00,500,0,0.85,cloudy
2026-07-13T09:00:00+00:00,449,0,0.85,cloudy
2026-07-13T10:00:00+00:00,311,0,0.85,cloudy
2026-07-13T11:00:00+00:00,182,0,0.85,cloudy
2026-07-13T12:00:00+00:00,112,0,0.85,cloudy
2026-07-13T13:00:00+00:00,72,0,0.85,cloudy
2026-07-13T14:00:00+00:00,77,0,0.85,cloudy
2026-07-13T15:00:00+00:00,109,0,0.85,cloudy
2026-07-13T16:00:00+00:00,237,0,0.85,cloudy
2026-07-13T17:00:00+00:00,354,0,0.85,cloudy
2026-07-13T18:00:00+00:00,500,0,0.85,cloudy
2026-07-13T19:00:00+00:00,500,0,0.85,cloudy
2026-07-13T20:00:00+00:00,500,0,0.85,cloudy
2026-07-13T21:00:00+00:00,341,0,0.85,cloudy
2026-07-13T22:00:00+00:00,234,0,0.85,cloudy
2026-07-13T23:00:00+00:00,110,0,0.85,cloudy
2026-07-14T00:00:00+00:00,28,0,0.55,rain
2026-07-14T01:00:00+00:00,32,0,0.55,rain
2026-07-14T02:00:00+00:00,56,0,0.55,rain
2026-07-14T03:00:00+00:00,89,0,0.55,rain
2026-07-14T04:00:00+00:00,157,0,0.55,rain
2026-07-14T05:00:00+00:00,188,0,0.55,rain
2026-07-14T06:00:00+00:00,260,0,0.55,rain
2026-07-14T07:00:00+00:00,304,0,0.55,rain
2026-07-14T08:00:00+00:00,242,0,0.55,rain
2026-07-14T09:00:00+00:00,208,0,0.55,rain
2026-07-14T10:00:00+00:00,146,0,0.55,rain
2026-07-14T11:00:00+00:00,88,0,0.55,rain
2026-07-14T12:00:00+00:00,59,0,0.55,rain
2026-07-14T13:00:00+00:00,36,0,0.55,rain
2026-07-14T14:00:00+00:00,28,0,0.55,rain
2026-07-14T15:00:00+00:00,65,0,0.55,rain
2026-07-14T16:00:00+00:00,109,0,0.55,rain
2026-07-14T17:00:00+00:00,173,0,0.55,rain
2026-07-14T18:00:00+00:00,235,0,0.55,rain
2026-07-14T19:00:00+00:00,262,0,0.55,rain
2026-07-14T20:00:00+00:00,263,0,0.55,rain
2026-07-14T21:00:00+00:00,173,0,0.55,rain
2026-07-14T22:00:00+00:00,107,0,0.55,rain
2026-07-14T23:00:00+00:00,55,0,0.55,rain
2026-07-15T00:00:00+00:00,15,0,0.2,thunderstorm
2026-07-15T01:00:00+00:00,24,0,0.2,thunderstorm
2026-07-15T02:00:00+00:00,20,0,0.2,thunderstorm
2026-07-15T03:00:00+00:00,35,0,0.2,thunderstorm
2026-07-15T04:00:00+00:00,45,0,0.2,thunderstorm
2026-07-15T05:00:00+00:00,78,0,0.2,thunderstorm
2026-07-15T06:00:00+00:00,89,0,0.2,thunderstorm
2026-07-15T07:00:00+00:00,107,0,0.2,thunderstorm
2026-07-15T08:00:00+00:00,87,0,0.2,thunderstorm
2026-07-15T09:00:00+00:00,74,0,0.2,thunderstorm
2026-07-15T10:00:00+00:00,49,0,0.2,thunderstorm
2026-07-15T11:00:00+00:00,31,0,0.2,thunderstorm
2026-07-15T12:00:00+00:00,20,0,0.2,thunderstorm
2026-07-15T13:00:00+00:00,12,0,0.2,thunderstorm
2026-07-15T14:00:00+00:00,17,0,0.2,thunderstorm
2026-07-15T15:00:00+00:00,17,0,0.2,thunderstorm
2026-07-15T16:00:00+00:00,36,0,0.2,thunderstorm
2026-07-15T17:00:00+00:00,55,0,0.2,thunderstorm
2026-07-15T18:00:00+00:00,86,0,0.2,thunderstorm
2026-07-15T19:00:00+00:00,94,0,0.2,thunderstorm
2026-07-15T20:00:00+00:00,96,0,0.2,thunderstorm
2026-07-15T21:00:00+00:00,66,0,0.2,thunderstorm
2026-07-15T22:00:00+00:00,35,0,0.2,thunderstorm
2026-07-15T23:00:00+00:00,24,0,0.2,thunderstorm
2026-07-16T00:00:00+00:00,36,0,0.75,drizzle
2026-07-16T01:00:00+00:00,45,0,0.75,drizzle
2026-07-16T02:00:00+00:00,74,0,0.75,drizzle
2026-07-16T03:00:00+00:00,133,0,0.75,drizzle
2026-07-16T04:00:00+00:00,189,0,0.75,drizzle
2026-07-16T05:00:00+00:00,288,0,0.75,drizzle
2026-07-16T06:00:00+00:00,363,0,0.75,drizzle
2026-07-16T07:00:00+00:00,391,0,0.75,drizzle
2026-07-16T08:00:00+00:00,377,0,0.75,drizzle
2026-07-16T09:00:00+00:00,271,0,0.75,drizzle
2026-07-16T10:00:00+00:00,211,0,0.75,drizzle
2026-07-16T11:00:00+00:00,119,0,0.75,drizzle
2026-07-16T12:00:00+00:00,74,0,0.75,drizzle
2026-07-16T13:00:00+00:00,55,0,0.75,drizzle
2026-07-16T14:00:00+00:00,49,0,0.75,drizzle
2026-07-16T15:00:00+00:00,76,0,0.75,drizzle
2026-07-16T16:00:00+00:00,131,0,0.75,drizzle
2026-07-16T17:00:00+00:00,247,0,0.75,drizzle
2026-07-16T18:00:00+00:00,321,0,0.75,drizzle
2026-07-16T19:00:00+00:00,354,0,0.75,drizzle
2026-07-16T20:00:00+00:00,321,0,0.75,drizzle
2026-07-16T21:00:00+00:00,242,0,0.75,drizzle
2026-07-16T22:00:00+00:00,123,0,0.75,drizzle
2026-07-16T23:00:00+00:00,78,0,0.75,drizzle
2026-07-17T00:00:00+00:00,37,0,0.75,drizzle
2026-07-17T01:00:00+00:00,51,0,0.75,drizzle
2026-07-17T02:00:00+00:00,69,0,0.75,drizzle
2026-07-17T03:00:00+00:00,124,0,0.75,drizzle
2026-07-17T04:00:00+00:00,186,0,0.75,drizzle
2026-07-17T05:00:00+00:00,307,0,0.75,drizzle
2026-07-17T06:00:00+00:00,348,0,0.75,drizzle
2026-07-17T07:00:00+00:00,341,0,0.75,drizzle
2026-07-17T08:00:00+00:00,350,0,0.75,drizzle
2026-07-17T09:00:00+00:00,291,0,0.75,drizzle
2026-07-17T10:00:00+00:00,206,0,0.75,drizzle
2026-07-17T11:00:00+00:00,126,0,0.75,drizzle
2026-07-17T12:00:00+00:00,67,0,0.75,drizzle
2026-07-17T13:00:00+00:00,50,0,0.75,drizzle
2026-07-17T14:00:00+00:00,49,0,0.75,drizzle
2026-07-17T15:00:00+00:00,78,0,0.75,drizzle
2026-07-17T16:00:00+00:00,138,0,0.75,drizzle
2026-07-17T17:00:00+00:00,232,0,0.75,drizzle
2026-07-17T18:00:00+00:00,326,0,0.75,drizzle
2026-07-17T19:00:00+00:00,350,0,0.75,drizzle
2026-07-17T20:00:00+00:00,335,0,0.75,drizzle
2026-07-17T21:00:00+00:00,260,0,0.75,drizzle
2026-07-17T22:00:00+00:00,156,0,0.75,drizzle
2026-07-17T23:00:00+00:00,76,0,0.75,drizzle
2026-07-18T00:00:00+00:00,74,1,0.75,drizzle
2026-07-18T01:00:00+00:00,104,1,0.75,drizzle
2026-07-18T02:00:00+00:00,171,1,0.75,drizzle
2026-07-18T03:00:00+00:00,257,1,0.75,drizzle
2026-07-18T04:00:00+00:00,430,1,0.75,drizzle
2026-07-18T05:00:00+00:00,500,1,0.75,drizzle
2026-07-18T06:00:00+00:00,500,1,0.75,drizzle
2026-07-18T07:00:00+00:00,500,1,0.75,drizzle
2026-07-18T08:00:00+00:00,500,1,0.75,drizzle
2026-07-18T09:00:00+00:00,500,1,0.75,drizzle
2026-07-18T10:00:00+00:00,445,1,0.75,drizzle
2026-07-18T11:00:00+00:00,260,1,0.75,drizzle
2026-07-18T12:00:00+00:00,179,1,0.75,drizzle
2026-07-18T13:00:00+00:00,98,1,0.75,drizzle
2026-07-18T14:00:00+00:00,87,1,0.75,drizzle
2026-07-18T15:00:00+00:00,149,1,0.75,drizzle
2026-07-18T16:00:00+00:00,262,1,0.75,drizzle
2026-07-18T17:00:00+00:00,497,1,0.75,drizzle
2026-07-18T18:00:00+00:00,500,1,0.75,drizzle
2026-07-18T19:00:00+00:00,500,1,0.75,drizzle
2026-07-18T20:00:00+00:00,500,1,0.75,drizzle
2026-07-18T21:00:00+00:00,464,1,0.75,drizzle
2026-07-18T22:00:00+00:00,295,1,0.75,drizzle
2026-07-18T23:00:00+00:00,167,1,0.75,drizzle
2026-07-19T00:00:00+00:00,42,0,0.85,cloudy
2026-07-19T01:00:00+00:00,49,0,0.85,cloudy
2026-07-19T02:00:00+00:00,83,0,0.85,cloudy
2026-07-19T03:00:00+00:00,137,0,0.85,cloudy
2026-07-19T04:00:00+00:00,234,0,0.85,cloudy
2026-07-19T05:00:00+00:00,325,0,0.85,cloudy
2026-07-19T06:00:00+00:00,392,0,0.85,cloudy
2026-07-19T07:00:00+00:00,447,0,0.85,cloudy
2026-07-19T08:00:00+00:00,382,0,0.85,cloudy
2026-07-19T09:00:00+00:00,315,0,0.85,cloudy
2026-07-19T10:00:00+00:00,226,0,0.85,cloudy
2026-07-19T11:00:00+00:00,155,0,0.85,cloudy
2026-07-19T12:00:00+00:00,86,0,0.85,cloudy
2026-07-19T13:00:00+00:00,54,0,0.85,cloudy
2026-07-19T14:00:00+00:00,45,0,0.85,cloudy
2026-07-19T15:00:00+00:00,90,0,0.85,cloudy
2026-07-19T16:00:00+00:00,155,0,0.85,cloudy
2026-07-19T17:00:00+00:00,276,0,0.85,cloudy
2026-07-19T18:00:00+00:00,335,0,0.85,cloudy
2026-07-19T19:00:00+00:00,451,0,0.85,cloudy
2026-07-19T20:00:00+00:00,348,0,0.85,cloudy
2026-07-19T21:00:00+00:00,258,0,0.85,cloudy
2026-07-19T22:00:00+00:00,171,0,0.85,cloudy
2026-07-19T23:00:00+00:00,79,0,0.85,cloudy
2026-07-20T00:00:00+00:00,55,0,0.95,partly_cloudy
2026-07-20T01:00:00+00:00,88,0,0.95,partly_cloudy
2026-07-20T02:00:00+00:00,137,0,0.95,partly_cloudy
2026-07-20T03:00:00+00:00,182,0,0.95,partly_cloudy
2026-07-20T04:00:00+00:00,297,0,0.95,partly_cloudy
2026-07-20T05:00:00+00:00,484,0,0.95,partly_cloudy
2026-07-20T06:00:00+00:00,500,0,0.95,partly_cloudy
2026-07-20T07:00:00+00:00,500,0,0.95,partly_cloudy
2026-07-20T08:00:00+00:00,500,0,0.95,partly_cloudy
2026-07-20T09:00:00+00:00,481,0,0.95,partly_cloudy
2026-07-20T10:00:00+00:00,321,0,0.95,partly_cloudy
2026-07-20T11:00:00+00:00,208,0,0.95,partly_cloudy
2026-07-20T12:00:00+00:00,120,0,0.95,partly_cloudy
2026-07-20T13:00:00+00:00,87,0,0.95,partly_cloudy
2026-07-20T14:00:00+00:00,71,0,0.95,partly_cloudy
2026-07-20T15:00:00+00:00,128,0,0.95,partly_cloudy
2026-07-20T16:00:00+00:00,226,0,0.95,partly_cloudy
2026-07-20T17:00:00+00:00,396,0,0.95,partly_cloudy
2026-07-20T18:00:00+00:00,500,0,0.95,partly_cloudy
2026-07-20T19:00:00+00:00,500,0,0.95,partly_cloudy
2026-07-20T20:00:00+00:00,500,0,0.95,partly_cloudy
2026-07-20T21:00:00+00:00,413,0,0.95,partly_cloudy
2026-07-20T22:00:00+00:00,253,0,0.95,partly_cloudy
2026-07-20T23:00:00+00:00,128,0,0.95,partly_cloudy
2026-07-21T00:00:00+00:00,47,0,1.0,clear
2026-07-21T01:00:00+00:00,66,0,1.0,clear
2026-07-21T02:00:00+00:00,99,0,1.0,clear
2026-07-21T03:00:00+00:00,172,0,1.0,clear
2026-07-21T04:00:00+00:00,251,0,1.0,clear
2026-07-21T05:00:00+00:00,407,0,1.0,clear
2026-07-21T06:00:00+00:00,430,0,1.0,clear
2026-07-21T07:00:00+00:00,500,0,1.0,clear
2026-07-21T08:00:00+00:00,475,0,1.0,clear
2026-07-21T09:00:00+00:00,359,0,1.0,clear
2026-07-21T10:00:00+00:00,266,0,1.0,clear
2026-07-21T11:00:00+00:00,168,0,1.0,clear
2026-07-21T12:00:00+00:00,76,0,1.0,clear
2026-07-21T13:00:00+00:00,60,0,1.0,clear
2026-07-21T14:00:00+00:00,55,0,1.0,clear
2026-07-21T15:00:00+00:00,109,0,1.0,clear
2026-07-21T16:00:00+00:00,192,0,1.0,clear
2026-07-21T17:00:00+00:00,291,0,1.0,clear
2026-07-21T18:00:00+00:00,447,0,1.0,clear
2026-07-21T19:00:00+00:00,426,0,1.0,clear
2026-07-21T20:00:00+00:00,447,0,1.0,clear
2026-07-21T21:00:00+00:00,322,0,1.0,clear
2026-07-21T22:00:00+00:00,192,0,1.0,clear
2026-07-21T23:00:00+00:00,104,0,1.0,clear
